doc,adj,adp,adv,aux,cconj,det,noun,num,pron,propn,punct,sconj,sym,verb,x,intj,space
1.female.ENFJ.Dutch.OV.txt,0.08523809523809524,0.13476190476190475,0.06380952380952382,0.0419047619047619,0.03190476190476191,0.1219047619047619,0.19095238095238096,0.006666666666666666,0.08095238095238096,0.023333333333333334,0.08047619047619048,0.015714285714285715,0.0004761904761904762,0.12142857142857143,0.0004761904761904762,nan,nan
10.male.INTJ.Dutch.A.txt,0.0843806104129264,0.12327947336923997,0.06702573309395571,0.043686415320167565,0.026331538001196888,0.10771992818671454,0.18192698982645122,0.009575104727707959,0.0706163973668462,0.03052064631956912,0.11609814482345901,0.020347097546379412,0.0017953321364452424,0.11430281268701376,0.0023937761819269898,nan,nan
100.female.ISFJ.Dutch.A.txt,0.07947019867549669,0.1243561442236939,0.08977189109639441,0.04856512141280353,0.017660044150110375,0.10816777041942605,0.17660044150110377,0.003679175864606328,0.08535688005886681,0.025754231052244298,0.10448859455481972,0.016188373804267846,nan,0.1199411331861663,nan,nan,nan
101.female.ESFJ.Dutch.A.txt,0.08826638477801269,0.10676532769556026,0.09038054968287527,0.062367864693446094,0.02854122621564482,0.0919661733615222,0.15803382663847781,0.007399577167019028,0.09090909090909091,0.023255813953488372,0.11892177589852009,0.01849894291754757,0.003699788583509514,0.1083509513742072,0.002642706131078224,nan,nan
102.female.INFJ.Dutch.A.txt,0.0888,0.11800000000000001,0.06760000000000001,0.0668,0.0308,0.12480000000000001,0.18680000000000002,0.0108,0.062400000000000004,0.0236,0.0892,0.0132,0.0012000000000000001,0.11520000000000001,0.0008,nan,nan
103.male.INFJ.Dutch.A.txt,0.08149779735682819,0.14390602055800292,0.08590308370044053,0.06607929515418502,0.021292217327459617,0.09985315712187959,0.15418502202643172,0.002936857562408223,0.0895741556534508,0.020558002936857563,0.10719530102790015,0.023494860499265784,0.0007342143906020558,0.1027900146842878,nan,nan,nan
104.male.INTJ.Dutch.A.txt,0.08614232209737828,0.11161048689138577,0.08764044943820225,0.0599250936329588,0.03071161048689139,0.11086142322097378,0.1662921348314607,0.00749063670411985,0.09363295880149813,0.023220973782771537,0.09213483146067417,0.017977528089887642,0.00149812734082397,0.11086142322097378,nan,nan,nan
105.female.INFJ.Dutch.A.txt,0.0936356986100951,0.1097293343087052,0.09729334308705194,0.06364301389904901,0.02852962692026335,0.11338697878566203,0.17264081931236286,0.010241404535479151,0.07754206291148501,0.010241404535479151,0.0936356986100951,0.02267739575713241,nan,0.10680321872713973,nan,nan,nan
106.female.ISTJ.Dutch.A.txt,0.06800832755031228,0.11311589174184594,0.07702984038861901,0.07564191533657182,0.03469812630117974,0.10687022900763359,0.16377515614156835,0.009021512838306732,0.08743927827897294,0.027064538514920192,0.0916030534351145,0.020124913254684247,0.0006939625260235947,0.12352532963219985,0.0013879250520471894,nan,nan
107.female.INTJ.Dutch.A.txt,0.09739368998628258,0.11796982167352536,0.0775034293552812,0.04595336076817558,0.025377229080932782,0.11042524005486967,0.17146776406035663,0.004115226337448559,0.08847736625514403,0.021262002743484224,0.10082304526748971,0.017146776406035662,0.003429355281207133,0.11728395061728394,0.0006858710562414266,0.0006858710562414266,nan
108.male.ENTJ.Dutch.A.txt,0.0797799174690509,0.1265474552957359,0.06602475928473178,0.06327372764786796,0.017881705639614855,0.1265474552957359,0.1767537826685007,0.013755158184319119,0.08665749656121045,0.01925722145804677,0.07290233837689133,0.028198074277854195,0.001375515818431912,0.11898211829436038,0.002063273727647868,nan,nan
109.female.INTP.Dutch.L.txt,0.08448844884488449,0.12211221122112212,0.07392739273927393,0.055445544554455446,0.0297029702970297,0.10495049504950495,0.1735973597359736,0.011221122112211221,0.07590759075907591,0.04092409240924093,0.09966996699669967,0.023102310231023104,0.0006600660066006601,0.1042904290429043,nan,nan,nan
11.female.ESFP.Dutch.OV.txt,0.07668711656441718,0.11656441717791412,0.08834355828220859,0.04785276073619632,0.026993865030674847,0.09938650306748467,0.16134969325153375,0.006748466257668712,0.09570552147239264,0.0196319018404908,0.1177914110429448,0.01901840490797546,nan,0.12331288343558283,nan,0.0006134969325153375,nan
110.female.ESTJ.Dutch.A.txt,0.10130246020260492,0.11215629522431259,0.08321273516642547,0.07380607814761216,0.023154848046309694,0.10347322720694645,0.15918958031837915,0.0043415340086830675,0.0918958031837916,0.01808972503617945,0.09696092619392184,0.01808972503617945,0.005065123010130246,0.1085383502170767,0.000723589001447178,nan,nan
111.male.ENFJ.Dutch.A.txt,0.07791225416036308,0.12632375189107414,0.09455370650529502,0.056732223903177004,0.03328290468986384,0.09833585476550681,0.14977307110438728,0.00529500756429652,0.08698940998487141,0.03252647503782148,0.09379727685325265,0.018910741301059002,0.0022692889561270802,0.12102874432677761,0.0022692889561270802,nan,nan
112.male.ENFJ.Dutch.A.txt,0.08690254500310367,0.1334574798261949,0.08876474239602732,0.0446927374301676,0.028553693358162633,0.12849162011173185,0.1824953445065177,0.006828057107386716,0.06952203600248293,0.021725636250775917,0.08504034761018,0.019863438857852266,0.0031036623215394167,0.09993792675356922,nan,0.0006207324643078833,nan
113.male.ESFP.Dutch.A.txt,0.0936356986100951,0.11777615215801025,0.07242136064374544,0.0365764447695684,0.033650329188002925,0.105340160936357,0.16532553035844916,0.00365764447695684,0.08266276517922458,0.056327724945135334,0.11777615215801025,0.015362106803218728,0.0021945866861741038,0.09656181419166057,0.000731528895391368,nan,nan
114.female.ENFJ.Dutch.OV.txt,0.0749063670411985,0.12209737827715356,0.08389513108614233,0.06441947565543071,0.024719101123595506,0.10411985018726592,0.16853932584269662,0.01348314606741573,0.08464419475655431,0.021722846441947566,0.09288389513108615,0.02247191011235955,0.0022471910112359553,0.11910112359550562,nan,0.000749063670411985,nan
115.male.ENFP.Dutch.A.txt,0.10467882632831087,0.12450436161776368,0.08326724821570182,0.04520222045995242,0.03330689928628073,0.10388580491673276,0.18636003172085647,0.004758128469468676,0.06978588421887391,0.029341792228390166,0.09516256938937351,0.019032513877874704,0.0007930214115781126,0.0999206978588422,nan,nan,nan
116.female.ENFP.Dutch.A.txt,0.08091603053435115,0.12748091603053435,0.07633587786259542,0.0450381679389313,0.035114503816793895,0.0984732824427481,0.17786259541984734,0.010687022900763359,0.08015267175572519,0.024427480916030534,0.083206106870229,0.02748091603053435,0.0007633587786259542,0.13206106870229006,nan,nan,nan
117.female.INFJ.Dutch.A.txt,0.08616944243301955,0.12599565532223025,0.06444605358435916,0.057929036929761035,0.020999275887038378,0.10716871832005792,0.17451122375090514,0.005792903692976104,0.08182476466328746,0.018826937002172337,0.10861694424330194,0.030412744388124545,0.001448225923244026,0.11513396089790007,nan,0.000724112961622013,nan
118.female.ESFJ.Dutch.WV.txt,0.08857142857142856,0.12142857142857143,0.08428571428571428,0.056428571428571425,0.03357142857142857,0.09428571428571429,0.1692857142857143,0.007142857142857143,0.08642857142857142,0.025,0.095,0.015714285714285715,0.0014285714285714286,0.12071428571428572,0.0007142857142857143,nan,nan
119.female.ISFJ.Dutch.B.txt,0.07901554404145078,0.125,0.08160621761658031,0.06282383419689119,0.01878238341968912,0.10816062176165804,0.16321243523316062,0.007124352331606218,0.09261658031088084,0.029145077720207253,0.09067357512953368,0.01878238341968912,nan,0.12176165803108809,0.0012953367875647669,nan,nan
12.female.ISFJ.Dutch.Other.txt,0.07879656160458452,0.12034383954154727,0.08667621776504297,0.07449856733524356,0.029369627507163324,0.10100286532951289,0.15616045845272206,0.007879656160458453,0.08452722063037249,0.034383954154727794,0.07808022922636103,0.023638968481375356,nan,0.12464183381088825,nan,nan,nan
120.female.ISFJ.Dutch.A.txt,0.07420494699646643,0.11802120141342756,0.07915194346289753,0.0636042402826855,0.026148409893992933,0.10600706713780918,0.16961130742049468,0.005653710247349823,0.10600706713780918,0.01342756183745583,0.07915194346289753,0.015547703180212013,nan,0.14346289752650176,nan,nan,nan
121.female.ESFJ.Dutch.A.txt,0.07900512070226774,0.11923920994879299,0.07827359180687637,0.05193855157278713,0.02999268471104609,0.11485003657644477,0.16605705925384054,0.005852231163130944,0.07022677395757132,0.04754937820043892,0.09290416971470374,0.02487198244330651,0.0021945866861741038,0.11338697878566203,0.00365764447695684,nan,nan
122.female.ESTJ.Dutch.A.txt,0.08830022075055188,0.1346578366445916,0.06328182487122884,0.05739514348785872,0.019131714495952905,0.11846946284032377,0.17071376011773362,0.008830022075055188,0.094186902133922,0.020603384841795438,0.08830022075055188,0.020603384841795438,0.0029433406916850625,0.11258278145695365,nan,nan,nan
123.female.ENFP.Dutch.A.txt,0.08434650455927052,0.12613981762917933,0.0797872340425532,0.06610942249240122,0.0364741641337386,0.10486322188449848,0.17325227963525835,0.004559270516717325,0.08662613981762918,0.010638297872340425,0.08434650455927052,0.015197568389057751,nan,0.1276595744680851,nan,nan,nan
124.female.INTJ.Dutch.OV.txt,0.09679821295606851,0.13626209977661952,0.05286671630677588,0.045420699925539834,0.022338049143708117,0.13998510796723754,0.19731943410275501,0.0029784065524944155,0.05584512285927029,0.022338049143708117,0.10201042442293373,0.018615040953090096,nan,0.10722263588979895,nan,nan,nan
125.female.ISFJ.Dutch.A.txt,0.10106382978723404,0.13297872340425532,0.08206686930091185,0.07218844984802432,0.02127659574468085,0.10562310030395136,0.17553191489361702,0.007598784194528876,0.06990881458966565,0.022796352583586626,0.07826747720364742,0.02127659574468085,nan,0.1094224924012158,nan,nan,nan
126.female.ESFJ.Dutch.A.txt,0.0936356986100951,0.12070226773957572,0.0753474762253109,0.043160204828090715,0.02852962692026335,0.1163130943672275,0.1733723482077542,0.00731528895391368,0.08119970738844184,0.02852962692026335,0.09436722750548647,0.023408924652523776,0.001463057790782736,0.1119239209948793,0.000731528895391368,nan,nan
127.female.ISTJ.Dutch.OV.txt,0.11063218390804598,0.1307471264367816,0.0617816091954023,0.05962643678160919,0.022270114942528736,0.11422413793103448,0.1752873563218391,0.0021551724137931034,0.040229885057471264,0.027298850574712645,0.1307471264367816,0.01939655172413793,0.004310344827586207,0.09770114942528735,0.0035919540229885057,nan,nan
128.female.ESFJ.Dutch.A.txt,0.07016248153618908,0.10044313146233383,0.08862629246676515,0.053175775480059084,0.02806499261447563,0.08862629246676515,0.16469719350073855,0.008862629246676515,0.10561299852289513,0.024372230428360415,0.11078286558345643,0.030280649926144758,0.0029542097488921715,0.12186115214180207,0.0007385524372230429,nan,0.0007385524372230429
129.female.ENFJ.Dutch.A.txt,0.10518518518518517,0.11629629629629629,0.10222222222222221,0.057777777777777775,0.018518518518518517,0.11037037037037037,0.17259259259259258,0.0037037037037037034,0.08074074074074074,0.017777777777777778,0.0874074074074074,0.027407407407407405,0.002962962962962963,0.0962962962962963,0.0007407407407407407,nan,nan
13.female.ENFJ.Dutch.A.txt,0.07083906464924347,0.11485557083906466,0.07634112792297111,0.06052269601100413,0.02544704264099037,0.0859697386519945,0.1643741403026135,0.0068775790921595595,0.10797799174690509,0.032324621733149934,0.12310866574965612,0.0171939477303989,0.004126547455295736,0.10797799174690509,0.002063273727647868,nan,nan
130.female.ESFJ.Other.Other.txt,0.07899159663865547,0.11932773109243698,0.08403361344537816,0.05042016806722689,0.02689075630252101,0.09243697478991597,0.1638655462184874,0.0025210084033613447,0.05714285714285715,0.06722689075630253,0.11680672268907563,0.02184873949579832,0.013445378151260505,0.10504201680672269,nan,nan,nan
131.female.ESTJ.Dutch.A.txt,0.0955223880597015,0.11641791044776119,0.06492537313432836,0.055970149253731345,0.030597014925373135,0.10597014925373134,0.1865671641791045,0.008208955223880597,0.0746268656716418,0.03880597014925373,0.09477611940298508,0.017164179104477612,0.0007462686567164179,0.10895522388059702,0.0007462686567164179,nan,nan
132.female.ISFJ.Dutch.A.txt,0.08869701726844585,0.11381475667189954,0.08006279434850865,0.05729984301412873,0.02904238618524333,0.08869701726844585,0.17032967032967034,0.004709576138147567,0.09733124018838304,0.038461538461538464,0.1012558869701727,0.022762951334379906,0.0015698587127158557,0.10596546310832025,nan,nan,nan
133.female.INFJ.Dutch.A.txt,0.06746310611384398,0.1257905832747716,0.07097680955727337,0.056219255094869997,0.027406886858749122,0.09065354884047787,0.14968376669009137,0.011946591707659873,0.10400562192550948,0.013352073085031623,0.11946591707659873,0.028109627547434998,0.0021082220660576245,0.13211524947294448,0.0007027406886858749,nan,nan
134.male.ENTJ.Dutch.A.txt,0.06873111782477341,0.10196374622356495,0.0702416918429003,0.060422960725075525,0.021148036253776436,0.12462235649546828,0.17673716012084592,0.006797583081570997,0.08685800604229607,0.03474320241691843,0.09063444108761329,0.02190332326283988,0.0022658610271903325,0.13217522658610273,nan,0.0007552870090634441,nan
135.female.ENFJ.Dutch.A.txt,0.07929515418502202,0.11306901615271658,0.13729809104258442,0.06387665198237885,0.02202643171806167,0.09618208516886931,0.13582966226138032,0.002936857562408223,0.09324522760646108,0.005873715124816446,0.10499265785609398,0.028634361233480173,0.0007342143906020558,0.11600587371512482,nan,nan,nan
136.female.ESFP.Dutch.A.txt,0.07440890125173852,0.11126564673157162,0.08623087621696801,0.059805285118219746,0.013908205841446452,0.09735744089012517,0.17732962447844228,0.008344923504867872,0.08831710709318498,0.03546592489568846,0.1043115438108484,0.027121001390820583,0.004172461752433936,0.11196105702364395,nan,nan,nan
137.female.ESFJ.Other.Other.txt,0.07711598746081505,0.1090909090909091,0.04639498432601881,0.05642633228840126,0.03636363636363637,0.08965517241379312,0.16865203761755487,0.010658307210031349,0.09404388714733543,0.0432601880877743,0.11347962382445141,0.021316614420062698,0.0018808777429467085,0.129153605015674,0.0025078369905956114,nan,nan
138.female.ESFJ.Dutch.A.txt,0.06981664315937941,0.12623413258110014,0.06699576868829336,0.06346967559943582,0.028208744710860365,0.0923836389280677,0.15091678420310295,0.00846262341325811,0.09379407616361071,0.031029619181946404,0.10437235543018336,0.023977433004231313,0.007757404795486601,0.1304654442877292,0.0021156558533145277,nan,nan
139.male.ENTP.Dutch.A.txt,0.10962962962962962,0.12,0.05703703703703703,0.05333333333333333,0.028888888888888888,0.11185185185185184,0.1711111111111111,0.006666666666666666,0.07629629629629629,0.028888888888888888,0.09999999999999999,0.025185185185185185,0.0014814814814814814,0.10962962962962962,nan,nan,nan
14.female.ISFJ.Dutch.OV.txt,0.07894736842105264,0.11654135338345865,0.0887218045112782,0.048872180451127824,0.01654135338345865,0.12781954887218047,0.17218045112781957,0.005263157894736843,0.07443609022556391,0.02556390977443609,0.09097744360902256,0.027819548872180452,0.0037593984962406017,0.12255639097744361,nan,nan,nan
140.female.ESFJ.Dutch.A.txt,0.10522388059701493,0.09328358208955224,0.09402985074626866,0.07611940298507462,0.03208955223880597,0.08208955223880597,0.15074626865671642,0.009701492537313432,0.10298507462686567,0.016417910447761194,0.09776119402985074,0.019402985074626865,nan,0.12014925373134329,nan,nan,nan
141.male.ENTJ.Dutch.A.txt,0.0746376811594203,0.11376811594202899,0.07318840579710145,0.04927536231884058,0.02318840579710145,0.11811594202898551,0.17971014492753623,0.002898550724637681,0.07971014492753624,0.002898550724637681,0.1318840579710145,0.02246376811594203,nan,0.12608695652173912,0.002173913043478261,nan,nan
142.male.INFJ.Dutch.A.txt,0.1053019145802651,0.1332842415316642,0.07216494845360824,0.048600883652430045,0.02577319587628866,0.1134020618556701,0.187039764359352,0.004418262150220913,0.05154639175257732,0.021354933726067747,0.09499263622974963,0.023564064801178203,0.005154639175257732,0.10972017673048601,0.003681885125184094,nan,nan
143.male.ISFP.Dutch.A.txt,0.07834441980783444,0.13747228381374724,0.06208425720620843,0.057649667405764965,0.016260162601626015,0.12416851441241686,0.16260162601626016,0.0022172949002217295,0.07243163340724317,0.04360679970436068,0.11160384331116038,0.019955654101995565,nan,0.11160384331116038,nan,nan,nan
144.male.INTJ.Dutch.A.txt,0.10866574965612105,0.1451169188445667,0.10660247592847318,0.04126547455295736,0.006189821182943604,0.12310866574965612,0.18500687757909215,0.004814305364511692,0.06808803301237965,0.012379642365887207,0.06946354883081156,0.02269601100412655,0.000687757909215956,0.10591471801925723,nan,nan,nan
145.female.ISFJ.Dutch.A.txt,0.07122093023255814,0.11046511627906977,0.09011627906976744,0.07340116279069768,0.02180232558139535,0.09956395348837209,0.1555232558139535,0.013808139534883721,0.0806686046511628,0.046511627906976744,0.10610465116279069,0.026162790697674417,0.003633720930232558,0.1002906976744186,nan,nan,0.0007267441860465116
15.male.ENFP.Dutch.A.txt,0.07048458149779736,0.11076148521082442,0.08432976714915041,0.040276903713027064,0.039647577092511016,0.09628697293895533,0.17558212712397736,0.004405286343612335,0.08432976714915041,0.045940843297671494,0.08558842039018251,0.022026431718061675,0.022026431718061675,0.11642542479546886,0.0012586532410320957,0.0006293266205160479,nan
16.female.ISTJ.Dutch.OV.txt,0.08736842105263158,0.11894736842105263,0.07368421052631578,0.04631578947368421,0.03684210526315789,0.10210526315789474,0.17789473684210527,0.008421052631578947,0.07894736842105263,0.04421052631578947,0.09263157894736843,0.02,nan,0.11263157894736842,nan,nan,nan
17.female.ENFJ.Dutch.A.txt,0.07932875667429444,0.13043478260869565,0.09687261632341725,0.06636155606407323,0.022883295194508012,0.10450038138825325,0.15102974828375287,0.005339435545385202,0.10678871090770405,0.028222730739893214,0.07398932112890923,0.022883295194508012,0.0030511060259344014,0.10831426392067126,nan,nan,nan
18.female.ENFJ.Dutch.A.txt,0.0905848787446505,0.1276747503566334,0.08131241084165478,0.047075606276747506,0.029957203994293868,0.10770328102710414,0.16476462196861627,0.010699001426533523,0.07703281027104138,0.03851640513552069,0.0891583452211127,0.019258202567760344,0.0007132667617689016,0.11340941512125535,0.0021398002853067048,nan,nan
19.female.INFJ.Other.A.txt,0.07321324811156305,0.1324811156304474,0.05984892504357931,0.07495642068564788,0.029052876234747237,0.12202208018593841,0.18768158047646716,0.009877977919814061,0.06275421266705404,0.030214991284137127,0.08018593840790238,0.008715862870424172,0.0034863451481696684,0.11969785008715862,0.005810575246949448,nan,nan
2.female.ENFJ.Dutch.L.txt,0.08805970149253732,0.11492537313432837,0.08955223880597014,0.0791044776119403,0.020149253731343283,0.10671641791044777,0.16940298507462687,0.0037313432835820895,0.08582089552238806,0.010447761194029851,0.09477611940298508,0.02537313432835821,0.0037313432835820895,0.1082089552238806,nan,nan,nan
20.female.ISTJ.Dutch.A.txt,0.07092651757188499,0.12779552715654952,0.09968051118210863,0.06325878594249201,0.038977635782747606,0.09840255591054313,0.17380191693290736,0.014696485623003195,0.07795527156549521,0.0076677316293929714,0.09073482428115016,0.025559105431309903,nan,0.10990415335463259,nan,nan,0.0006389776357827476
21.female.ENTJ.Dutch.A.txt,0.06861575178997614,0.12649164677804298,0.08353221957040573,0.05787589498806683,0.01909307875894988,0.09964200477326969,0.15035799522673032,0.005966587112171838,0.09009546539379476,0.030429594272076373,0.11992840095465394,0.023866348448687354,0.00477326968973747,0.11873508353221958,nan,0.0005966587112171838,nan
22.female.ESFJ.Dutch.A.txt,0.08917589175891759,0.14760147601476015,0.07011070110701108,0.059655596555965563,0.02890528905289053,0.11439114391143912,0.18450184501845018,0.008610086100861008,0.07749077490774908,0.025830258302583026,0.07380073800738007,0.012300123001230012,nan,0.10701107011070111,0.0006150061500615006,nan,nan
23.female.ESFP.Dutch.A.txt,0.0766721044045677,0.1402936378466558,0.08238172920065254,0.05138662316476346,0.028548123980424146,0.08727569331158239,0.16068515497553018,0.010603588907014683,0.08564437194127243,0.037520391517128875,0.09135399673735727,0.017944535073409464,0.0008156606851549756,0.12887438825448613,nan,nan,nan
24.female.ESFJ.Dutch.A.txt,0.09167303284950344,0.11917494270435447,0.10847975553857907,0.058823529411764705,0.025210084033613446,0.09396485867074102,0.14820473644003054,0.007639419404125287,0.10618792971734148,0.019862490450725745,0.0825057295645531,0.019098548510313215,nan,0.11841100076394194,0.0007639419404125286,nan,nan
25.female.ENFP.Dutch.A.txt,0.07199367088607594,0.09572784810126582,0.10126582278481013,0.0680379746835443,0.027689873417721517,0.11075949367088607,0.1637658227848101,0.006329113924050633,0.09493670886075949,0.027689873417721517,0.07990506329113924,0.02531645569620253,0.0007911392405063291,0.12579113924050633,nan,nan,nan
26.male.ENFP.Dutch.A.txt,0.09103840682788052,0.11095305832147938,0.08961593172119488,0.060455192034139404,0.029160739687055477,0.09815078236130868,0.14722617354196302,0.002844950213371266,0.07965860597439545,0.032005689900426744,0.13015647226173543,0.019203413940256046,0.00995732574679943,0.09957325746799431,nan,nan,nan
27.male.INTJ.Dutch.A.txt,0.07148231753197892,0.13694507148231752,0.07750188111361926,0.05718585402558314,0.030097817908201655,0.10233258088788562,0.16403310759969902,0.012791572610985702,0.0782543265613243,0.02708803611738149,0.08878856282919488,0.01805869074492099,0.003762227238525207,0.13167795334838223,nan,nan,nan
28.male.INTP.Dutch.A.txt,0.07715813598166539,0.15049656226126815,0.07104660045836517,0.052711993888464474,0.028265851795263558,0.11611917494270435,0.18563789152024446,0.0015278838808250573,0.07333842627960274,0.029029793735676088,0.08326967150496561,0.020626432391138275,0.0022918258212375857,0.10847975553857907,nan,nan,nan
29.female.ISTJ.Dutch.Other.txt,0.08306709265175719,0.1485623003194888,0.07108626198083066,0.07028753993610223,0.027156549520766772,0.11661341853035143,0.1733226837060703,0.00718849840255591,0.07028753993610223,0.026357827476038338,0.06629392971246006,0.01757188498402556,nan,0.12060702875399361,0.001597444089456869,nan,nan
3.female.ESFJ.Dutch.Other.txt,0.06024981631153563,0.1168258633357825,0.08743570903747244,0.05951506245407788,0.02645113886847906,0.12564290962527552,0.1822189566495224,0.006612784717119765,0.07641440117560616,0.01910360029390154,0.09919177075679647,0.024246877296105803,0.0036737692872887582,0.11168258633357825,0.0007347538574577516,nan,nan
30.male.ISTJ.Dutch.A.txt,0.08686440677966102,0.12782485875706215,0.07980225988700565,0.06285310734463277,0.01694915254237288,0.10310734463276836,0.16666666666666666,0.006355932203389831,0.06073446327683616,0.029661016949152543,0.1137005649717514,0.021892655367231638,0.00211864406779661,0.12146892655367232,nan,nan,nan
31.male.ISFJ.Dutch.B.txt,0.08510638297872342,0.1347517730496454,0.05815602836879433,0.051773049645390076,0.025531914893617023,0.11773049645390071,0.1794326241134752,0.004964539007092199,0.07659574468085106,0.016312056737588655,0.11843971631205674,0.02198581560283688,nan,0.10921985815602837,nan,nan,nan
32.female.ESFP.Dutch.A.txt,0.0643491124260355,0.11242603550295857,0.07544378698224852,0.06582840236686391,0.017011834319526627,0.10872781065088757,0.1834319526627219,0.01257396449704142,0.08727810650887574,0.021449704142011833,0.11020710059171597,0.01997041420118343,0.0014792899408284023,0.11982248520710059,nan,nan,nan
33.female.ISFP.Dutch.A.txt,0.09167303284950344,0.11535523300229182,0.07410236822001527,0.07868601986249045,0.028265851795263558,0.11229946524064172,0.16195569136745608,0.007639419404125287,0.08938120702826585,0.01680672268907563,0.0825057295645531,0.03437738731856379,0.0030557677616501145,0.10313216195569136,nan,0.0007639419404125286,nan
34.female.ESFP.Dutch.A.txt,0.08074981975486661,0.12256669069935111,0.083633741888969,0.049026676279740444,0.02090843547224225,0.0966113914924297,0.16943042537851477,0.007209805335255948,0.08435472242249459,0.0273972602739726,0.11896178803172314,0.01514059120403749,0.003604902667627974,0.11824080749819754,0.0021629416005767843,nan,nan
35.female.ENTJ.Dutch.A.txt,0.0811836115326252,0.11456752655538695,0.09332321699544766,0.0629742033383915,0.02655538694992413,0.10470409711684371,0.16995447647951442,0.010622154779969651,0.08497723823975721,0.016691957511380882,0.10470409711684371,0.018209408194233688,0.005311077389984826,0.10622154779969652,nan,nan,nan
36.female.ESFJ.Dutch.A.txt,0.07939393939393939,0.12424242424242424,0.08787878787878788,0.04727272727272727,0.028484848484848484,0.10909090909090909,0.1781818181818182,0.006060606060606061,0.0903030303030303,0.022424242424242423,0.0890909090909091,0.016363636363636365,0.0024242424242424242,0.11878787878787879,nan,nan,nan
37.female.INFP.Dutch.A.txt,0.061604584527220625,0.1160458452722063,0.10673352435530085,0.03796561604584527,0.0336676217765043,0.09097421203438395,0.15759312320916904,0.007163323782234957,0.09025787965616046,0.012893982808022923,0.1353868194842407,0.020057306590257878,0.007163323782234957,0.12249283667621776,nan,nan,nan
38.female.ENFJ.Dutch.A.txt,0.07818277865821448,0.10723718964606445,0.08716323296354993,0.06180665610142631,0.029582673005810883,0.11040676175382991,0.1706286318013735,0.006867406233491812,0.104067617538299,0.010565240359218173,0.08135235076597994,0.018489170628631802,nan,0.13259376650818808,0.0010565240359218173,nan,nan
39.male.INTJ.Dutch.L.txt,0.08931297709923663,0.15877862595419848,0.08473282442748091,0.07480916030534351,0.021374045801526718,0.12213740458015267,0.16259541984732825,0.0022900763358778627,0.06412213740458016,0.02366412213740458,0.07099236641221374,0.015267175572519083,0.0007633587786259542,0.10916030534351145,nan,nan,nan
4.female.ENFJ.Dutch.A.txt,0.08222222222222222,0.12814814814814815,0.09333333333333332,0.05481481481481481,0.026666666666666665,0.0962962962962963,0.15555555555555556,0.005925925925925926,0.11703703703703704,0.011851851851851851,0.0911111111111111,0.02,0.0014814814814814814,0.11555555555555555,nan,nan,nan
40.female.INFJ.Dutch.A.txt,0.08122605363984675,0.14942528735632185,0.07126436781609195,0.05670498084291188,0.011494252873563218,0.1210727969348659,0.1670498084291188,0.006130268199233717,0.09118773946360154,0.02145593869731801,0.07969348659003832,0.011494252873563218,nan,0.1318007662835249,nan,nan,nan
41.female.ENFJ.Dutch.L.txt,0.08140403286034355,0.11202389843166544,0.09335324869305453,0.06422703510082152,0.022404779686333087,0.10828976848394326,0.1650485436893204,0.005227781926811053,0.08364451082897685,0.03136669156086632,0.09260642270351009,0.022404779686333087,0.0014936519790888724,0.11650485436893204,nan,nan,nan
42.female.ISTJ.Dutch.A.txt,0.08941877794336811,0.13338301043219075,0.04694485842026826,0.05365126676602086,0.020864381520119227,0.12816691505216096,0.19597615499254845,0.006706408345752608,0.06482861400894188,0.03204172876304024,0.09612518628912071,0.01788375558867362,0.0022354694485842027,0.11102831594634874,0.0007451564828614009,nan,nan
43.female.INTP.Dutch.A.txt,0.07903780068728523,0.12646048109965638,0.08109965635738832,0.048797250859106536,0.02611683848797251,0.10584192439862544,0.1807560137457045,0.010309278350515465,0.07628865979381444,0.022680412371134023,0.10034364261168385,0.019931271477663232,0.004810996563573883,0.11340206185567012,0.004123711340206186,nan,nan
44.female.INFJ.Dutch.A.txt,0.0734982332155477,0.11095406360424027,0.07491166077738516,0.04734982332155477,0.022614840989399292,0.1265017667844523,0.18445229681978798,0.006360424028268551,0.06289752650176678,0.027561837455830386,0.1088339222614841,0.019787985865724382,0.005653710247349823,0.12791519434628976,0.0007067137809187279,nan,nan
45.female.ISFJ.Dutch.A.txt,0.07137490608564989,0.1277235161532682,0.07738542449286251,0.056348610067618335,0.021036814425244178,0.11269722013523667,0.16604057099924868,0.006010518407212622,0.10368144252441773,0.022539444027047335,0.0811419984973704,0.021788129226145755,0.006010518407212622,0.12471825694966192,0.0015026296018031556,nan,nan
46.female.ENTJ.Dutch.L.txt,0.07884615384615384,0.1326923076923077,0.09038461538461538,0.06346153846153846,0.027564102564102563,0.10192307692307692,0.16794871794871793,0.009615384615384616,0.07692307692307693,0.007692307692307693,0.0891025641025641,0.03141025641025641,nan,0.12115384615384615,0.001282051282051282,nan,nan
47.male.INTJ.Dutch.A.txt,0.08504606661941885,0.1346562721474132,0.05386250885896528,0.04606661941885188,0.02834868887313962,0.11906449326718639,0.18781006378454998,0.007795889440113395,0.060240963855421686,0.03827072997873848,0.1119773210489015,0.01913536498936924,0.004961020552799433,0.10134656272147413,0.001417434443656981,nan,nan
48.female.ESFJ.Dutch.A.txt,0.08595988538681948,0.12607449856733524,0.08237822349570201,0.05085959885386819,0.029369627507163324,0.10601719197707736,0.17693409742120345,0.010744985673352435,0.06876790830945559,0.025071633237822348,0.09527220630372493,0.01862464183381089,0.0014326647564469914,0.12249283667621776,nan,nan,nan
49.female.ESFJ.Dutch.OV.txt,0.07423208191126279,0.11945392491467577,0.08703071672354949,0.040955631399317405,0.026450511945392493,0.11348122866894197,0.15699658703071673,0.010238907849829351,0.10238907849829351,0.01621160409556314,0.09470989761092151,0.020477815699658702,0.0034129692832764505,0.13310580204778158,0.0008532423208191126,nan,nan
5.male.ENTJ.Dutch.A.txt,0.08177044261065267,0.1110277569392348,0.08852213053263316,0.05326331582895724,0.015753938484621154,0.11852963240810203,0.18079519879969994,0.010502625656414103,0.08252063015753938,0.03675918979744936,0.08852213053263316,0.019504876219054765,0.0007501875468867217,0.1110277569392348,0.0007501875468867217,nan,nan
50.female.ENFJ.Dutch.WV.txt,0.08275328692962104,0.15158546017014696,0.055684454756380515,0.04949729311678268,0.023201856148491882,0.12761020881670534,0.20649651972157773,0.005413766434648105,0.050270688321732405,0.027842227378190258,0.0920340293890178,0.01237432327919567,0.0015467904098994587,0.11368909512761022,nan,nan,nan
51.female.ESFJ.Dutch.A.txt,0.08160237388724036,0.12537091988130564,0.06231454005934718,0.05415430267062315,0.02596439169139466,0.10756676557863502,0.17804154302670624,0.014094955489614244,0.08308605341246292,0.031899109792284865,0.10237388724035609,0.0185459940652819,0.002225519287833828,0.11275964391691395,nan,nan,nan
52.female.ENFJ.Dutch.A.txt,0.07636887608069164,0.11743515850144091,0.10374639769452448,0.058357348703170026,0.03386167146974063,0.10086455331412103,0.15922190201729106,0.009365994236311239,0.09510086455331411,0.01440922190201729,0.0814121037463977,0.0223342939481268,0.0036023054755043226,0.12319884726224783,0.0007204610951008645,nan,nan
53.female.ISFJ.Other.Other.txt,0.094723458359822,0.12205975842339478,0.05912269548633185,0.0508582326764145,0.03496503496503497,0.0712015257469803,0.20152574698029244,0.00572155117609663,0.04831532104259377,0.03623649078194533,0.15384615384615385,0.010171646535282899,0.004450095359186269,0.101716465352829,0.003814367450731087,0.0012714558169103624,nan
54.male.INFJ.Dutch.A.txt,0.1041958041958042,0.0993006993006993,0.07762237762237763,0.04895104895104895,0.02027972027972028,0.1020979020979021,0.15664335664335666,0.006993006993006993,0.08321678321678322,0.025174825174825173,0.13496503496503495,0.013286713286713287,0.0034965034965034965,0.12377622377622377,nan,nan,nan
55.female.INFP.Dutch.A.txt,0.09387483355525966,0.12982689747003995,0.08055925432756325,0.05193075898801598,0.02996005326231691,0.12450066577896139,0.17976031957390148,0.004660452729693742,0.05992010652463382,0.030625832223701733,0.0659121171770972,0.024633821571238352,0.009320905459387484,0.11318242343541945,0.0013315579227696406,nan,nan
56.male.INFP.Dutch.A.txt,0.09004392386530015,0.14055636896046853,0.057833089311859445,0.040995607613469986,0.01903367496339678,0.13250366032210836,0.2115666178623719,0.008784773060029283,0.05490483162518302,0.027086383601756955,0.10175695461200586,0.013177159590043924,nan,0.09809663250366032,0.0036603221083455345,nan,nan
57.female.ISFP.Dutch.WV.txt,0.08002936857562408,0.11453744493392069,0.09544787077826725,0.04919236417033774,0.032305433186490456,0.09397944199706314,0.1644640234948605,0.010279001468428781,0.0829662261380323,0.035242290748898675,0.11160058737151247,0.018355359765051395,nan,0.11160058737151247,nan,nan,nan
58.female.ISFP.Dutch.A.txt,0.09505703422053231,0.13840304182509505,0.0714828897338403,0.05779467680608365,0.02585551330798479,0.11863117870722432,0.17262357414448667,0.0022813688212927757,0.07376425855513308,0.022053231939163497,0.08441064638783269,0.013688212927756653,0.001520912547528517,0.12243346007604562,nan,nan,nan
59.female.ESFJ.Dutch.OV.txt,0.0888030888030888,0.12123552123552124,0.0694980694980695,0.051737451737451735,0.023938223938223938,0.10810810810810811,0.16988416988416988,0.009266409266409266,0.08108108108108109,0.03474903474903475,0.10193050193050193,0.023938223938223938,0.0023166023166023165,0.11274131274131274,nan,0.0007722007722007722,nan
6.female.ESTP.Dutch.A.txt,0.09111277072442121,0.11650485436893204,0.06870799103808813,0.041822255414488425,0.02389843166542196,0.11501120238984318,0.17998506348020912,0.00597460791635549,0.070201643017177,0.044809559372666175,0.09708737864077671,0.022404779686333087,0.0007468259895444362,0.1217326362957431,nan,nan,nan
60.male.INTJ.Dutch.A.txt,0.07344213649851632,0.13649851632047477,0.07195845697329377,0.06528189910979229,0.021513353115727003,0.10756676557863502,0.16023738872403562,0.002225519287833828,0.0897626112759644,0.0066765578635014835,0.10311572700296737,0.02818991097922849,nan,0.13204747774480713,0.000741839762611276,0.000741839762611276,nan
61.male.INTJ.Dutch.Other.txt,0.09077269317329333,0.1207801950487622,0.0757689422355589,0.05701425356339085,0.021005251312828207,0.11702925731432859,0.18079519879969994,0.00900225056264066,0.07651912978244561,0.009752438109527382,0.09902475618904727,0.021005251312828207,0.0067516879219804956,0.11327831957989498,nan,0.0015003750937734434,nan
62.female.INTJ.Dutch.Other.txt,0.08854961832061069,0.14961832061068703,0.08854961832061069,0.05343511450381679,0.02900763358778626,0.11526717557251909,0.1801526717557252,0.004580152671755725,0.07099236641221374,0.006870229007633588,0.07709923664122137,0.024427480916030534,0.0015267175572519084,0.1099236641221374,nan,nan,nan
63.female.ESTJ.Dutch.A.txt,0.07358636715724245,0.13787761425251743,0.061192873741285826,0.051123160340821074,0.019364833462432226,0.11696359411309064,0.17815646785437647,0.003098373353989156,0.08520526723470179,0.03563129357087529,0.09217660728117738,0.013942680092951201,0.003098373353989156,0.12780790085205268,0.000774593338497289,nan,nan
64.female.ESFJ.Dutch.OV.txt,0.07898658718330849,0.13338301043219075,0.07228017883755589,0.041728763040238454,0.021609538002980627,0.13487332339791355,0.19895678092399405,0.005961251862891207,0.06259314456035768,0.028315946348733235,0.09687034277198212,0.013412816691505215,0.005216095380029807,0.10581222056631892,nan,nan,nan
65.female.INFJ.Dutch.A.txt,0.07883522727272728,0.10085227272727273,0.09801136363636363,0.06889204545454546,0.03196022727272727,0.09446022727272728,0.15767045454545456,0.002840909090909091,0.11221590909090909,0.019176136363636364,0.08096590909090909,0.02556818181818182,0.008522727272727272,0.12002840909090909,nan,nan,nan
66.female.ENFJ.Dutch.L.txt,0.08207934336525308,0.10465116279069767,0.09986320109439124,0.07181942544459644,0.03419972640218878,0.08071135430916553,0.14363885088919287,0.0013679890560875513,0.10738714090287277,0.01709986320109439,0.10465116279069767,0.028727770177838577,0.0006839945280437756,0.12311901504787962,nan,nan,nan
67.female.ESFJ.Dutch.A.txt,0.07794943820224719,0.14325842696629212,0.07724719101123595,0.05196629213483146,0.02247191011235955,0.11657303370786516,0.17556179775280897,0.0049157303370786515,0.07584269662921347,0.02598314606741573,0.08707865168539325,0.023174157303370788,0.0056179775280898875,0.11095505617977527,0.0014044943820224719,nan,nan
68.male.INFP.Dutch.L.txt,0.07507739938080496,0.13003095975232198,0.06346749226006192,0.0565015479876161,0.022445820433436535,0.10371517027863777,0.17647058823529413,0.007739938080495357,0.08513931888544893,0.017027863777089786,0.10139318885448917,0.029411764705882356,0.0023219814241486067,0.12848297213622292,0.0007739938080495357,nan,nan
69.female.ESFJ.Dutch.A.txt,0.07561156412157154,0.1178650852483321,0.08524833209785025,0.04521868050407709,0.026686434395848776,0.10600444773906598,0.15270570793180133,0.010378057820607857,0.1111934766493699,0.03187546330615271,0.09710896960711637,0.017790956263899184,nan,0.12231282431430689,nan,nan,nan
7.female.INFJ.Dutch.A.txt,0.07455540355677154,0.12175102599179206,0.06703146374829001,0.04719562243502052,0.021203830369357045,0.12585499316005472,0.18604651162790697,0.005471956224350205,0.07797537619699042,0.025991792065663474,0.10259917920656635,0.019835841313269494,0.003419972640218878,0.12106703146374828,nan,nan,nan
70.female.ENFJ.Dutch.A.txt,0.06971153846153846,0.13060897435897437,0.08974358974358974,0.041666666666666664,0.027243589743589744,0.08974358974358974,0.14262820512820512,0.005608974358974359,0.09935897435897435,0.04407051282051282,0.12740384615384615,0.01842948717948718,0.002403846153846154,0.10897435897435898,nan,0.002403846153846154,nan
71.female.INTJ.Dutch.A.txt,0.07383512544802867,0.1060931899641577,0.08817204301075268,0.06523297491039426,0.03225806451612903,0.0989247311827957,0.15698924731182795,0.005734767025089606,0.07096774193548387,0.037275985663082434,0.13046594982078852,0.02078853046594982,0.009318996415770608,0.1039426523297491,nan,nan,nan
72.male.INFJ.Dutch.A.txt,0.08903605592347315,0.14937454010301693,0.07137601177336277,0.042678440029433405,0.025754231052244298,0.10448859455481972,0.1604120676968359,0.0029433406916850625,0.0706401766004415,0.03899926416482708,0.08314937454010302,0.03384841795437822,0.004415011037527594,0.12067696835908756,0.002207505518763797,nan,nan
73.male.ISFJ.Dutch.A.txt,0.08706166868198306,0.1185006045949214,0.07255139056831922,0.0592503022974607,0.026602176541717048,0.12091898428053204,0.18258766626360337,0.007255139056831922,0.07134220072551391,0.02781136638452237,0.08827085852478839,0.015719467956469165,0.0024183796856106408,0.1185006045949214,0.0012091898428053204,nan,nan
74.female.ESFJ.Dutch.A.txt,0.09563253012048194,0.13403614457831325,0.10391566265060241,0.0730421686746988,0.024849397590361446,0.10090361445783133,0.16867469879518074,0.004518072289156627,0.08509036144578314,0.0007530120481927711,0.07379518072289157,0.02635542168674699,0.0015060240963855422,0.10617469879518072,0.0007530120481927711,nan,nan
75.female.ESFJ.Dutch.A.txt,0.07185628742514971,0.1092814371257485,0.062874251497006,0.05913173652694611,0.031437125748503,0.12724550898203593,0.17814371257485032,0.0157185628742515,0.07934131736526946,0.02470059880239521,0.09056886227544911,0.02095808383233533,0.005988023952095809,0.12275449101796408,nan,nan,nan
76.female.ISFJ.Dutch.A.txt,0.09347181008902078,0.11721068249258161,0.08531157270029674,0.04673590504451039,0.021513353115727003,0.10311572700296737,0.16246290801186944,0.014094955489614244,0.09940652818991098,0.02077151335311573,0.09124629080118694,0.02225519287833828,0.002225519287833828,0.1201780415430267,nan,nan,nan
77.male.INFJ.Dutch.Other.txt,0.07441154138192863,0.11921032649962035,0.08352315869400152,0.05087319665907365,0.030372057706909643,0.11009870918754747,0.1738800303720577,0.008352315869400152,0.08428246013667426,0.02050113895216401,0.12300683371298406,0.012148823082763858,0.0015186028853454822,0.10554290053151101,nan,0.0022779043280182236,nan
78.female.ENFJ.Dutch.A.txt,0.08502024291497975,0.1261808367071525,0.07759784075573549,0.06612685560053981,0.024291497975708502,0.12887989203778677,0.16396761133603238,0.008097165991902834,0.07219973009446694,0.03171390013495277,0.08434547908232118,0.026990553306342778,0.0020242914979757085,0.10256410256410256,nan,nan,nan
79.female.ESFJ.Dutch.A.txt,0.09039190897597978,0.13780025284450065,0.05246523388116309,0.05815423514538559,0.025916561314791406,0.12262958280657396,0.17572692793931732,0.00695322376738306,0.08343868520859672,0.026548672566371685,0.07585335018963338,0.014538558786346398,nan,0.12705436156763592,0.0025284450063211127,nan,nan
8.male.INTJ.Dutch.A.txt,0.06444906444906445,0.10741510741510742,0.10325710325710326,0.07623007623007623,0.021483021483021482,0.10602910602910603,0.15176715176715178,0.006237006237006237,0.0893970893970894,0.018711018711018712,0.10395010395010396,0.02772002772002772,0.005544005544005544,0.11642411642411643,0.001386001386001386,nan,nan
80.male.ENTJ.Dutch.A.txt,0.08662613981762918,0.11170212765957446,0.09498480243161095,0.0486322188449848,0.02507598784194529,0.10866261398176291,0.17249240121580547,0.006838905775075988,0.08738601823708207,0.018996960486322188,0.0911854103343465,0.02811550151975684,0.001519756838905775,0.11626139817629179,0.001519756838905775,nan,nan
81.female.ENFJ.Dutch.A.txt,0.07468605419695967,0.12623925974884334,0.09054857898215465,0.0634500991407799,0.01982815598149372,0.1269001982815598,0.1810971579643093,0.003965631196298744,0.07799074686054197,0.006609385327164574,0.07997356245869133,0.023793787177792465,nan,0.12491738268341043,nan,nan,nan
82.female.INTJ.Dutch.A.txt,0.10044642857142856,0.11160714285714285,0.10044642857142856,0.058779761904761904,0.03422619047619047,0.08928571428571427,0.1369047619047619,0.006696428571428571,0.10193452380952381,0.026785714285714284,0.08482142857142856,0.025297619047619048,0.005208333333333333,0.11755952380952381,nan,nan,nan
83.female.ISFJ.Dutch.A.txt,0.08877615726062144,0.12111604311984782,0.054533925174381735,0.05770450221940393,0.019023462270133164,0.13506658211794548,0.1876981610653139,0.013950538998097653,0.08243500317057705,0.014584654407102092,0.09765377298668358,0.009511731135066582,0.0025364616360177552,0.11540900443880786,nan,nan,nan
84.female.ENFP.Dutch.Other.txt,0.08623188405797101,0.12028985507246377,0.07028985507246377,0.04855072463768116,0.02826086956521739,0.10579710144927536,0.16014492753623188,0.004347826086956522,0.09420289855072464,0.020289855072463767,0.10942028985507246,0.018115942028985508,0.0014492753623188406,0.1318840579710145,0.0007246376811594203,nan,nan
85.female.ISTJ.Dutch.A.txt,0.08550724637681159,0.13478260869565217,0.0746376811594203,0.06739130434782609,0.025362318840579712,0.1072463768115942,0.14565217391304347,0.005797101449275362,0.08768115942028985,0.025362318840579712,0.10507246376811594,0.016666666666666666,0.005072463768115942,0.11376811594202899,nan,nan,nan
86.male.ENFJ.Dutch.A.txt,0.08513816280806573,0.11799850634802092,0.07244212098581031,0.05601194921583272,0.021657953696788648,0.13293502613890965,0.18745332337565349,0.005227781926811053,0.070201643017177,0.01941747572815534,0.10380881254667663,0.024645257654966394,0.0007468259895444362,0.10231516056758776,nan,nan,nan
87.female.ESFJ.Dutch.A.txt,0.10458360232408004,0.14654615881213684,0.04325371207230471,0.04260813428018076,0.027114267269205936,0.12524209167204647,0.21239509360877984,0.007746933505487411,0.05422853453841187,0.023886378308586184,0.09425435765009683,0.016785022595222722,0.0012911555842479018,0.09812782440284054,0.0019367333763718527,nan,nan
88.female.ESFJ.Dutch.A.txt,0.08240141259564449,0.11359623307828133,0.08181283107710417,0.05885815185403178,0.04414361389052383,0.10712183637433784,0.17127722189523248,0.007062978222483814,0.07769276044732196,0.01824602707474985,0.09476162448499116,0.023543260741612712,nan,0.11948204826368451,nan,nan,nan
89.female.ENFJ.Dutch.A.txt,0.08788093550673282,0.10985116938341602,0.10063784549964565,0.05669737774627924,0.023387668320340185,0.12048192771084337,0.16442239546420978,0.002834868887313962,0.08717221828490433,0.0035435861091424525,0.0963855421686747,0.022678951098511695,0.0007087172218284905,0.12331679659815734,nan,nan,nan
9.female.ENFJ.Dutch.A.txt,0.07966457023060797,0.1320754716981132,0.0747728860936408,0.0517120894479385,0.014675052410901467,0.11041229909154437,0.1663172606568833,0.0041928721174004195,0.08525506638714185,0.0363382250174703,0.09853249475890985,0.020964360587002094,0.0006988120195667365,0.1243885394828791,nan,nan,nan
90.female.ENFP.Dutch.A.txt,0.09523809523809525,0.13000755857898716,0.0801209372637944,0.05139833711262283,0.021919879062736205,0.11791383219954649,0.1655328798185941,0.003779289493575208,0.0982615268329554,0.02947845804988662,0.0816326530612245,0.026455026455026457,nan,0.09750566893424037,nan,0.0007558578987150416,nan
91.female.ENFJ.Dutch.A.txt,0.07962697274031565,0.12410329985652799,0.07245337159253946,0.043041606886657105,0.02582496413199426,0.10473457675753228,0.1750358680057389,0.012195121951219513,0.08393113342898136,0.03586800573888092,0.09684361549497848,0.025107604017216643,nan,0.12123385939741751,nan,nan,nan
92.female.INFJ.Dutch.A.txt,0.08522440746343925,0.12052445789208271,0.07413010590015129,0.04538577912254161,0.0297528996469995,0.10186585980837116,0.16843166918809885,0.006051437216338881,0.08421583459404942,0.017650025214321737,0.12254160363086235,0.026727181038830056,0.002017145738779627,0.11548159354513364,nan,nan,nan
93.female.ISFJ.Dutch.A.txt,0.072768192048012,0.15003750937734434,0.08477119279819956,0.046511627906976744,0.024006001500375095,0.10952738184546137,0.17929482370592648,0.014253563390847712,0.08027006751687922,0.033008252063015754,0.07051762940735185,0.021005251312828207,0.0007501875468867217,0.11327831957989498,nan,nan,nan
94.female.ESFJ.Dutch.A.txt,0.06547619047619048,0.10773809523809524,0.0886904761904762,0.04702380952380953,0.027380952380952384,0.0880952380952381,0.14583333333333334,0.006547619047619049,0.11785714285714287,0.02380952380952381,0.12380952380952381,0.02142857142857143,0.0017857142857142859,0.12976190476190477,0.004761904761904762,nan,nan
95.female.ESFJ.Dutch.A.txt,0.06453595574677319,0.11063306699446834,0.08666256914566686,0.052243392747387825,0.02581438229870928,0.09526736324523663,0.15734480639213275,0.011063306699446834,0.0897357098955132,0.03933620159803319,0.13214505224339274,0.023355869698832205,0.00430239704978488,0.10325752919483712,0.003687768899815611,0.0006146281499692685,nan
96.female.ESFJ.Dutch.A.txt,0.07480916030534351,0.13893129770992366,0.07938931297709924,0.04198473282442748,0.028244274809160305,0.15190839694656488,0.19389312977099235,0.006870229007633588,0.061068702290076333,0.01984732824427481,0.07633587786259542,0.017557251908396947,0.0015267175572519084,0.10763358778625955,nan,nan,nan
97.female.INTJ.Dutch.OV.txt,0.08775252525252526,0.1066919191919192,0.09343434343434344,0.05303030303030303,0.030303030303030304,0.12310606060606062,0.1672979797979798,0.006313131313131314,0.07007575757575758,0.015151515151515152,0.11111111111111112,0.022727272727272728,nan,0.11111111111111112,0.0006313131313131314,0.0012626262626262627,nan
98.female.ENFP.Dutch.Other.txt,0.07735697018533441,0.1651893634165995,0.057211925866236905,0.0491539081385979,0.0249798549556809,0.12651087832393232,0.18775181305398872,0.0064464141821112,0.0692989524576954,0.0257856567284448,0.0709105560032232,0.0169218372280419,nan,0.1224818694601128,nan,nan,nan
99.female.ISFJ.Dutch.A.txt,0.09931972789115645,0.11360544217687074,0.08911564625850339,0.057823129251700675,0.025170068027210883,0.09591836734693877,0.14081632653061224,0.003401360544217687,0.11700680272108843,0.027210884353741496,0.09319727891156462,0.019047619047619046,0.0027210884353741495,0.11428571428571428,0.0006802721088435374,0.0006802721088435374,nan
